id,firstname,age,email
100,Nataline,62,Nataline.@yopmail.com
101,Marnia,87,Marnia.@yopmail.com
102,Fidelia,63,Fidelia.@yopmail.com
103,Georgina,85,Georgina.@yopmail.com
104,Lelah,1,Lelah.@yopmail.com
105,Julieta,36,Julieta.@yopmail.com
106,Annecorinne,72,Annecorinne.@yopmail.com
107,Kirbee,25,Kirbee.@yopmail.com
108,Consuela,74,Consuela.@yopmail.com
109,Queenie,70,Queenie.@yopmail.com
110,Eugine,78,Eugine.@yopmail.com
111,Jany,58,Jany.@yopmail.com
112,Sharlene,58,Sharlene.@yopmail.com
113,Cam,16,Cam.@yopmail.com
114,Willetta,84,Willetta.@yopmail.com
115,Andree,40,Andree.@yopmail.com
116,Alyssa,64,Alyssa.@yopmail.com
117,Danny,68,Danny.@yopmail.com
118,Arlena,30,Arlena.@yopmail.com
119,Antonietta,21,Antonietta.@yopmail.com
120,Eugine,99,Eugine.@yopmail.com
121,Eadie,44,Eadie.@yopmail.com
122,Philis,71,Philis.@yopmail.com
123,Joceline,10,Joceline.@yopmail.com
124,Marinna,22,Marinna.@yopmail.com
125,Asia,50,Asia.@yopmail.com
126,Marcy,22,Marcy.@yopmail.com
127,Teriann,54,Teriann.@yopmail.com
128,Corene,1,Corene.@yopmail.com
129,Allyce,7,Allyce.@yopmail.com
130,Taffy,85,Taffy.@yopmail.com
131,Heida,94,Heida.@yopmail.com
132,Gabi,83,Gabi.@yopmail.com
133,Gabriellia,52,Gabriellia.@yopmail.com
134,Shauna,28,Shauna.@yopmail.com
135,Brena,94,Brena.@yopmail.com
136,Delilah,39,Delilah.@yopmail.com
137,Daryl,79,Daryl.@yopmail.com
138,Liana,33,Liana.@yopmail.com
139,Lindie,60,Lindie.@yopmail.com
140,Gerrie,45,Gerrie.@yopmail.com
141,Frieda,9,Frieda.@yopmail.com
142,Demetris,44,Demetris.@yopmail.com
143,Lolita,75,Lolita.@yopmail.com
144,Marsiella,30,Marsiella.@yopmail.com
145,Ebonee,39,Ebonee.@yopmail.com
146,Millie,49,Millie.@yopmail.com
147,Carlie,90,Carlie.@yopmail.com
148,Netty,98,Netty.@yopmail.com
149,Maisey,80,Maisey.@yopmail.com
150,Grier,100,Grier.@yopmail.com
151,Catrina,19,Catrina.@yopmail.com
152,Nicoli,57,Nicoli.@yopmail.com
153,Kore,2,Kore.@yopmail.com
154,Adelle,63,Adelle.@yopmail.com
155,Lynea,77,Lynea.@yopmail.com
156,Mady,27,Mady.@yopmail.com
157,Ida,48,Ida.@yopmail.com
158,Adelle,2,Adelle.@yopmail.com
159,Fanny,34,Fanny.@yopmail.com
160,Dorice,81,Dorice.@yopmail.com
161,Mellicent,5,Mellicent.@yopmail.com
162,Nyssa,27,Nyssa.@yopmail.com
163,Myriam,99,Myriam.@yopmail.com
164,Dulce,64,Dulce.@yopmail.com
165,Collen,29,Collen.@yopmail.com
166,Cherrita,67,Cherrita.@yopmail.com
167,Shaine,3,Shaine.@yopmail.com
168,Fernande,42,Fernande.@yopmail.com
169,Letizia,2,Letizia.@yopmail.com
170,Britte,66,Britte.@yopmail.com
171,Sam,12,Sam.@yopmail.com
172,Cathie,60,Cathie.@yopmail.com
173,Nadine,17,Nadine.@yopmail.com
174,Evaleen,21,Evaleen.@yopmail.com
175,Delilah,11,Delilah.@yopmail.com
176,Fernande,93,Fernande.@yopmail.com
177,Talya,6,Talya.@yopmail.com
178,Brietta,53,Brietta.@yopmail.com
179,Quintina,29,Quintina.@yopmail.com
180,Libbie,4,Libbie.@yopmail.com
181,Allyce,98,Allyce.@yopmail.com
182,Dorthy,18,Dorthy.@yopmail.com
183,Nanete,69,Nanete.@yopmail.com
184,Karena,93,Karena.@yopmail.com
185,Sharai,29,Sharai.@yopmail.com
186,Lynnea,29,Lynnea.@yopmail.com
187,Desirae,68,Desirae.@yopmail.com
188,Rhoda,49,Rhoda.@yopmail.com
189,Ardenia,83,Ardenia.@yopmail.com
190,Hettie,39,Hettie.@yopmail.com
191,Tatiania,26,Tatiania.@yopmail.com
192,Eve,78,Eve.@yopmail.com
193,Mahalia,71,Mahalia.@yopmail.com
194,Elvira,85,Elvira.@yopmail.com
195,Lauryn,79,Lauryn.@yopmail.com
196,Paulita,99,Paulita.@yopmail.com
197,Shaylyn,82,Shaylyn.@yopmail.com
198,Cassondra,57,Cassondra.@yopmail.com
199,Ada,66,Ada.@yopmail.com
200,Leontine,1,Leontine.@yopmail.com
201,Ivett,2,Ivett.@yopmail.com
202,Rani,3,Rani.@yopmail.com
203,Shandie,38,Shandie.@yopmail.com
204,Brana,80,Brana.@yopmail.com
205,Thalia,10,Thalia.@yopmail.com
206,Wanda,27,Wanda.@yopmail.com
207,Brietta,92,Brietta.@yopmail.com
208,Yetty,69,Yetty.@yopmail.com
209,Binny,96,Binny.@yopmail.com
210,Lynde,10,Lynde.@yopmail.com
211,Steffane,97,Steffane.@yopmail.com
212,Jacenta,16,Jacenta.@yopmail.com
213,Emma,55,Emma.@yopmail.com
214,Carolina,45,Carolina.@yopmail.com
215,Gwyneth,9,Gwyneth.@yopmail.com
216,Margalo,48,Margalo.@yopmail.com
217,Tiffie,53,Tiffie.@yopmail.com
218,Clary,12,Clary.@yopmail.com
219,Augustine,19,Augustine.@yopmail.com
220,Beatriz,39,Beatriz.@yopmail.com
221,Rhea,26,Rhea.@yopmail.com
222,Ellette,54,Ellette.@yopmail.com
223,Alameda,49,Alameda.@yopmail.com
224,Doralynne,52,Doralynne.@yopmail.com
225,Veda,70,Veda.@yopmail.com
226,Leontine,49,Leontine.@yopmail.com
227,Hayley,52,Hayley.@yopmail.com
228,Jaime,69,Jaime.@yopmail.com
229,Arlena,15,Arlena.@yopmail.com
230,Lila,33,Lila.@yopmail.com
231,Rebeca,14,Rebeca.@yopmail.com
232,Iseabal,49,Iseabal.@yopmail.com
233,Ira,69,Ira.@yopmail.com
234,Winny,51,Winny.@yopmail.com
235,Janey,10,Janey.@yopmail.com
236,Elora,11,Elora.@yopmail.com
237,Gerianna,78,Gerianna.@yopmail.com
238,Libbie,42,Libbie.@yopmail.com
239,Feliza,24,Feliza.@yopmail.com
240,Barbara,41,Barbara.@yopmail.com
241,Aimil,30,Aimil.@yopmail.com
242,Benita,97,Benita.@yopmail.com
243,Alie,65,Alie.@yopmail.com
244,Jorry,13,Jorry.@yopmail.com
245,Layla,26,Layla.@yopmail.com
246,Renie,35,Renie.@yopmail.com
247,Frances,90,Frances.@yopmail.com
248,Ekaterina,41,Ekaterina.@yopmail.com
249,Babita,60,Babita.@yopmail.com
250,Grier,98,Grier.@yopmail.com
251,Rozele,30,Rozele.@yopmail.com
252,Aaren,43,Aaren.@yopmail.com
253,Sophia,73,Sophia.@yopmail.com
254,Rochette,91,Rochette.@yopmail.com
255,Meriel,17,Meriel.@yopmail.com
256,Farrah,71,Farrah.@yopmail.com
257,Evita,69,Evita.@yopmail.com
258,Joceline,48,Joceline.@yopmail.com
259,Fred,37,Fred.@yopmail.com
260,Agnese,44,Agnese.@yopmail.com
261,Iseabal,8,Iseabal.@yopmail.com
262,Marcy,93,Marcy.@yopmail.com
263,Meghann,66,Meghann.@yopmail.com
264,Dagmar,8,Dagmar.@yopmail.com
265,Elvira,70,Elvira.@yopmail.com
266,Verla,24,Verla.@yopmail.com
267,Evita,60,Evita.@yopmail.com
268,Odessa,62,Odessa.@yopmail.com
269,Catrina,30,Catrina.@yopmail.com
270,Fred,46,Fred.@yopmail.com
271,Zondra,59,Zondra.@yopmail.com
272,Wanda,22,Wanda.@yopmail.com
273,Correy,43,Correy.@yopmail.com
274,Zaria,14,Zaria.@yopmail.com
275,Celestyna,92,Celestyna.@yopmail.com
276,Lacie,4,Lacie.@yopmail.com
277,Tonia,97,Tonia.@yopmail.com
278,Mureil,56,Mureil.@yopmail.com
279,Nickie,26,Nickie.@yopmail.com
280,Catrina,55,Catrina.@yopmail.com
281,Quintina,91,Quintina.@yopmail.com
282,Antonietta,39,Antonietta.@yopmail.com
283,Joelly,32,Joelly.@yopmail.com
284,Andree,52,Andree.@yopmail.com
285,Pamella,66,Pamella.@yopmail.com
286,Julieta,10,Julieta.@yopmail.com
287,Lindie,59,Lindie.@yopmail.com
288,Carly,69,Carly.@yopmail.com
289,Binny,39,Binny.@yopmail.com
290,Lynea,50,Lynea.@yopmail.com
291,Caryl,96,Caryl.@yopmail.com
292,Ingrid,9,Ingrid.@yopmail.com
293,Jessamyn,16,Jessamyn.@yopmail.com
294,Melisent,5,Melisent.@yopmail.com
295,Basia,66,Basia.@yopmail.com
296,Aili,11,Aili.@yopmail.com
297,Chastity,15,Chastity.@yopmail.com
298,Tybie,48,Tybie.@yopmail.com
299,Katleen,22,Katleen.@yopmail.com
300,Meghann,98,Meghann.@yopmail.com
301,Sarette,75,Sarette.@yopmail.com
302,Diena,4,Diena.@yopmail.com
303,Lita,51,Lita.@yopmail.com
304,Heddie,1,Heddie.@yopmail.com
305,Ermengarde,10,Ermengarde.@yopmail.com
306,Ericka,43,Ericka.@yopmail.com
307,Janis,24,Janis.@yopmail.com
308,Gisela,74,Gisela.@yopmail.com
309,Correy,40,Correy.@yopmail.com
310,Anica,68,Anica.@yopmail.com
311,Lorne,25,Lorne.@yopmail.com
312,Hettie,71,Hettie.@yopmail.com
313,Ursulina,38,Ursulina.@yopmail.com
314,Emelina,47,Emelina.@yopmail.com
315,Linzy,91,Linzy.@yopmail.com
316,Paule,9,Paule.@yopmail.com
317,Winny,31,Winny.@yopmail.com
318,Ekaterina,34,Ekaterina.@yopmail.com
319,Albertina,81,Albertina.@yopmail.com
320,Rori,84,Rori.@yopmail.com
321,Kara-Lynn,90,Kara-Lynn.@yopmail.com
322,Britte,64,Britte.@yopmail.com
323,Madalyn,86,Madalyn.@yopmail.com
324,Vinita,60,Vinita.@yopmail.com
325,Carly,48,Carly.@yopmail.com
326,Fred,98,Fred.@yopmail.com
327,Augustine,30,Augustine.@yopmail.com
328,Bernardine,37,Bernardine.@yopmail.com
329,Kaia,3,Kaia.@yopmail.com
330,Jobi,96,Jobi.@yopmail.com
331,Danika,71,Danika.@yopmail.com
332,Carlie,66,Carlie.@yopmail.com
333,Cristabel,96,Cristabel.@yopmail.com
334,Maud,97,Maud.@yopmail.com
335,Georgina,85,Georgina.@yopmail.com
336,Katuscha,35,Katuscha.@yopmail.com
337,Rosene,10,Rosene.@yopmail.com
338,Cassandra,27,Cassandra.@yopmail.com
339,Ashlee,60,Ashlee.@yopmail.com
340,Renie,1,Renie.@yopmail.com
341,Kaia,63,Kaia.@yopmail.com
342,Blinni,14,Blinni.@yopmail.com
343,Gaylene,80,Gaylene.@yopmail.com
344,June,62,June.@yopmail.com
345,Aaren,59,Aaren.@yopmail.com
346,Steffane,34,Steffane.@yopmail.com
347,Isa,18,Isa.@yopmail.com
348,Lolita,72,Lolita.@yopmail.com
349,Tilly,41,Tilly.@yopmail.com
350,Elbertina,7,Elbertina.@yopmail.com
351,Minne,62,Minne.@yopmail.com
352,Dawn,25,Dawn.@yopmail.com
353,Meg,94,Meg.@yopmail.com
354,Carilyn,10,Carilyn.@yopmail.com
355,Jaclyn,42,Jaclyn.@yopmail.com
356,Lilith,49,Lilith.@yopmail.com
357,Lorenza,13,Lorenza.@yopmail.com
358,Fayre,44,Fayre.@yopmail.com
359,Selma,97,Selma.@yopmail.com
360,Nessie,90,Nessie.@yopmail.com
361,Nollie,7,Nollie.@yopmail.com
362,Annora,29,Annora.@yopmail.com
363,Elfreda,81,Elfreda.@yopmail.com
364,Annaliese,41,Annaliese.@yopmail.com
365,Molli,40,Molli.@yopmail.com
366,Daphne,68,Daphne.@yopmail.com
367,Kimberley,6,Kimberley.@yopmail.com
368,Margarette,61,Margarette.@yopmail.com
369,Estell,52,Estell.@yopmail.com
370,Pollyanna,79,Pollyanna.@yopmail.com
371,Donnie,63,Donnie.@yopmail.com
372,Elfreda,4,Elfreda.@yopmail.com
373,Raina,95,Raina.@yopmail.com
374,Cherilyn,30,Cherilyn.@yopmail.com
375,Jsandye,94,Jsandye.@yopmail.com
376,Elvira,33,Elvira.@yopmail.com
377,Micheline,9,Micheline.@yopmail.com
378,Veda,42,Veda.@yopmail.com
379,Jan,64,Jan.@yopmail.com
380,Roz,37,Roz.@yopmail.com
381,Rhoda,76,Rhoda.@yopmail.com
382,Beth,94,Beth.@yopmail.com
383,Kristan,17,Kristan.@yopmail.com
384,Lynnea,57,Lynnea.@yopmail.com
385,Averyl,52,Averyl.@yopmail.com
386,Dode,90,Dode.@yopmail.com
387,Berta,84,Berta.@yopmail.com
388,Jenilee,15,Jenilee.@yopmail.com
389,Kirbee,84,Kirbee.@yopmail.com
390,Dione,27,Dione.@yopmail.com
391,Winifred,93,Winifred.@yopmail.com
392,Minne,75,Minne.@yopmail.com
393,Sallie,13,Sallie.@yopmail.com
394,Calla,80,Calla.@yopmail.com
395,Damaris,41,Damaris.@yopmail.com
396,Anallese,41,Anallese.@yopmail.com
397,Flory,34,Flory.@yopmail.com
398,Mallory,4,Mallory.@yopmail.com
399,Berta,16,Berta.@yopmail.com
400,Ingrid,34,Ingrid.@yopmail.com
401,Michaelina,98,Michaelina.@yopmail.com
402,Jacenta,55,Jacenta.@yopmail.com
403,Lusa,91,Lusa.@yopmail.com
404,Charissa,64,Charissa.@yopmail.com
405,Arlena,84,Arlena.@yopmail.com
406,Nataline,78,Nataline.@yopmail.com
407,Katharina,41,Katharina.@yopmail.com
408,Joceline,48,Joceline.@yopmail.com
409,Florencia,100,Florencia.@yopmail.com
410,Roseline,89,Roseline.@yopmail.com
411,Janenna,8,Janenna.@yopmail.com
412,Ellette,79,Ellette.@yopmail.com
413,Barbara,73,Barbara.@yopmail.com
414,Laurene,60,Laurene.@yopmail.com
415,Cherilyn,61,Cherilyn.@yopmail.com
416,Malina,89,Malina.@yopmail.com
417,Feliza,32,Feliza.@yopmail.com
418,Nanete,83,Nanete.@yopmail.com
419,Lizzie,75,Lizzie.@yopmail.com
420,Kalina,12,Kalina.@yopmail.com
421,Fayre,12,Fayre.@yopmail.com
422,Lynnea,99,Lynnea.@yopmail.com
423,Rhoda,59,Rhoda.@yopmail.com
424,Augustine,86,Augustine.@yopmail.com
425,Roseline,15,Roseline.@yopmail.com
426,Correy,39,Correy.@yopmail.com
427,Nataline,80,Nataline.@yopmail.com
428,Orelia,47,Orelia.@yopmail.com
429,Jasmina,74,Jasmina.@yopmail.com
430,Roslyn,7,Roslyn.@yopmail.com
431,Merry,63,Merry.@yopmail.com
432,Ericka,78,Ericka.@yopmail.com
433,Lexine,99,Lexine.@yopmail.com
434,Goldie,11,Goldie.@yopmail.com
435,Fayre,50,Fayre.@yopmail.com
436,Talya,13,Talya.@yopmail.com
437,Elbertina,87,Elbertina.@yopmail.com
438,Jillayne,19,Jillayne.@yopmail.com
439,Vivia,79,Vivia.@yopmail.com
440,Maisey,21,Maisey.@yopmail.com
441,Lonnie,27,Lonnie.@yopmail.com
442,Alejandra,100,Alejandra.@yopmail.com
443,Alameda,64,Alameda.@yopmail.com
444,Flo,22,Flo.@yopmail.com
445,Danny,57,Danny.@yopmail.com
446,Deedee,76,Deedee.@yopmail.com
447,Morganica,8,Morganica.@yopmail.com
448,Sharai,67,Sharai.@yopmail.com
449,Celene,64,Celene.@yopmail.com
450,Jobi,76,Jobi.@yopmail.com
451,Fanny,60,Fanny.@yopmail.com
452,Lynde,64,Lynde.@yopmail.com
453,Annora,88,Annora.@yopmail.com
454,Wileen,7,Wileen.@yopmail.com
455,Mahalia,51,Mahalia.@yopmail.com
456,Hope,93,Hope.@yopmail.com
457,Devina,84,Devina.@yopmail.com
458,Therine,39,Therine.@yopmail.com
459,Fernande,23,Fernande.@yopmail.com
460,Amara,78,Amara.@yopmail.com
461,Codie,3,Codie.@yopmail.com
462,Hermione,84,Hermione.@yopmail.com
463,Dorothy,58,Dorothy.@yopmail.com
464,Jaime,44,Jaime.@yopmail.com
465,Tomasina,5,Tomasina.@yopmail.com
466,Tani,83,Tani.@yopmail.com
467,Nariko,90,Nariko.@yopmail.com
468,Joceline,32,Joceline.@yopmail.com
469,Darci,4,Darci.@yopmail.com
470,Shell,13,Shell.@yopmail.com
471,Marjie,36,Marjie.@yopmail.com
472,Marleah,95,Marleah.@yopmail.com
473,Fayre,83,Fayre.@yopmail.com
474,Mariele,85,Mariele.@yopmail.com
475,Maisey,39,Maisey.@yopmail.com
476,Selia,92,Selia.@yopmail.com
477,Aubrie,91,Aubrie.@yopmail.com
478,Kial,62,Kial.@yopmail.com
479,Brena,34,Brena.@yopmail.com
480,Kristan,37,Kristan.@yopmail.com
481,Karena,32,Karena.@yopmail.com
482,Melisent,94,Melisent.@yopmail.com
483,Kenna,30,Kenna.@yopmail.com
484,Teddie,46,Teddie.@yopmail.com
485,Ronna,63,Ronna.@yopmail.com
486,Blondelle,36,Blondelle.@yopmail.com
487,Tomasina,17,Tomasina.@yopmail.com
488,Marleah,78,Marleah.@yopmail.com
489,Melanie,59,Melanie.@yopmail.com
490,Eugine,99,Eugine.@yopmail.com
491,Talya,26,Talya.@yopmail.com
492,Jacquetta,1,Jacquetta.@yopmail.com
493,Moyna,56,Moyna.@yopmail.com
494,Laure,65,Laure.@yopmail.com
495,Fawne,40,Fawne.@yopmail.com
496,Shandie,70,Shandie.@yopmail.com
497,Oralee,39,Oralee.@yopmail.com
498,Chloris,68,Chloris.@yopmail.com
499,Suzette,80,Suzette.@yopmail.com
500,Rhea,63,Rhea.@yopmail.com
501,Leona,79,Leona.@yopmail.com
502,Olivette,10,Olivette.@yopmail.com
503,Lulita,71,Lulita.@yopmail.com
504,Goldie,19,Goldie.@yopmail.com
505,Hayley,90,Hayley.@yopmail.com
506,Georgina,17,Georgina.@yopmail.com
507,Gianina,93,Gianina.@yopmail.com
508,Jordan,50,Jordan.@yopmail.com
509,Lusa,44,Lusa.@yopmail.com
510,Collen,24,Collen.@yopmail.com
511,Aigneis,20,Aigneis.@yopmail.com
512,Angelique,1,Angelique.@yopmail.com
513,Gavrielle,11,Gavrielle.@yopmail.com
514,Lanna,92,Lanna.@yopmail.com
515,Xylina,66,Xylina.@yopmail.com
516,Janeczka,37,Janeczka.@yopmail.com
517,Flo,23,Flo.@yopmail.com
518,Chloris,17,Chloris.@yopmail.com
519,Dale,34,Dale.@yopmail.com
520,Dede,83,Dede.@yopmail.com
521,Joelly,30,Joelly.@yopmail.com
522,Ezmeralda,28,Ezmeralda.@yopmail.com
523,Isa,98,Isa.@yopmail.com
524,Karena,58,Karena.@yopmail.com
525,Myriam,21,Myriam.@yopmail.com
526,Lorne,43,Lorne.@yopmail.com
527,Mathilda,5,Mathilda.@yopmail.com
528,Phylis,67,Phylis.@yopmail.com
529,Tabbatha,71,Tabbatha.@yopmail.com
530,Carolina,100,Carolina.@yopmail.com
531,Kimmy,88,Kimmy.@yopmail.com
532,Vere,20,Vere.@yopmail.com
533,Emylee,12,Emylee.@yopmail.com
534,Bernie,87,Bernie.@yopmail.com
535,Eolanda,7,Eolanda.@yopmail.com
536,Jordan,61,Jordan.@yopmail.com
537,Charlena,78,Charlena.@yopmail.com
538,Debee,57,Debee.@yopmail.com
539,Ninnetta,75,Ninnetta.@yopmail.com
540,Lolita,54,Lolita.@yopmail.com
541,Dagmar,69,Dagmar.@yopmail.com
542,Jorry,55,Jorry.@yopmail.com
543,Fredericka,84,Fredericka.@yopmail.com
544,Madeleine,65,Madeleine.@yopmail.com
545,Sean,35,Sean.@yopmail.com
546,Charlena,54,Charlena.@yopmail.com
547,Therine,8,Therine.@yopmail.com
548,Corina,81,Corina.@yopmail.com
549,Joleen,7,Joleen.@yopmail.com
550,Maurene,23,Maurene.@yopmail.com
551,Aurelie,77,Aurelie.@yopmail.com
552,Nataline,96,Nataline.@yopmail.com
553,Mildrid,52,Mildrid.@yopmail.com
554,Rhea,73,Rhea.@yopmail.com
555,Collen,89,Collen.@yopmail.com
556,Molli,95,Molli.@yopmail.com
557,Ernesta,2,Ernesta.@yopmail.com
558,Nikki,56,Nikki.@yopmail.com
559,Vita,55,Vita.@yopmail.com
560,Krystle,87,Krystle.@yopmail.com
561,Ericka,96,Ericka.@yopmail.com
562,Moyna,10,Moyna.@yopmail.com
563,Karolina,81,Karolina.@yopmail.com
564,Joceline,15,Joceline.@yopmail.com
565,Harrietta,9,Harrietta.@yopmail.com
566,Gerrie,3,Gerrie.@yopmail.com
567,Binny,61,Binny.@yopmail.com
568,Krystle,58,Krystle.@yopmail.com
569,Allis,81,Allis.@yopmail.com
570,Kamilah,54,Kamilah.@yopmail.com
571,Addia,77,Addia.@yopmail.com
572,Janenna,81,Janenna.@yopmail.com
573,Angela,31,Angela.@yopmail.com
574,Nikki,5,Nikki.@yopmail.com
575,Addia,2,Addia.@yopmail.com
576,Corina,17,Corina.@yopmail.com
577,Gabi,21,Gabi.@yopmail.com
578,Lenna,2,Lenna.@yopmail.com
579,Karolina,68,Karolina.@yopmail.com
580,Alisha,98,Alisha.@yopmail.com
581,Lory,63,Lory.@yopmail.com
582,Carree,57,Carree.@yopmail.com
583,Jany,4,Jany.@yopmail.com
584,Gwyneth,77,Gwyneth.@yopmail.com
585,Claresta,34,Claresta.@yopmail.com
586,Nananne,50,Nananne.@yopmail.com
587,Yolane,45,Yolane.@yopmail.com
588,Cyndie,55,Cyndie.@yopmail.com
589,Gretal,68,Gretal.@yopmail.com
590,Caritta,86,Caritta.@yopmail.com
591,Ernesta,74,Ernesta.@yopmail.com
592,Cindelyn,48,Cindelyn.@yopmail.com
593,Ofilia,13,Ofilia.@yopmail.com
594,Nadine,19,Nadine.@yopmail.com
595,Anestassia,53,Anestassia.@yopmail.com
596,Marita,19,Marita.@yopmail.com
597,Nananne,27,Nananne.@yopmail.com
598,Penelopa,59,Penelopa.@yopmail.com
599,Mahalia,5,Mahalia.@yopmail.com
600,Joane,9,Joane.@yopmail.com
601,Alisha,75,Alisha.@yopmail.com
602,Lauryn,96,Lauryn.@yopmail.com
603,Adelle,12,Adelle.@yopmail.com
604,Cyb,4,Cyb.@yopmail.com
605,Rosabelle,14,Rosabelle.@yopmail.com
606,Robinia,60,Robinia.@yopmail.com
607,Wilma,8,Wilma.@yopmail.com
608,Doro,65,Doro.@yopmail.com
609,Ulrike,89,Ulrike.@yopmail.com
610,Carree,15,Carree.@yopmail.com
611,Teriann,14,Teriann.@yopmail.com
612,Steffane,38,Steffane.@yopmail.com
613,Odessa,16,Odessa.@yopmail.com
614,Bibby,79,Bibby.@yopmail.com
615,Roseline,38,Roseline.@yopmail.com
616,Margalo,14,Margalo.@yopmail.com
617,Jere,42,Jere.@yopmail.com
618,Paola,82,Paola.@yopmail.com
619,Brynna,89,Brynna.@yopmail.com
620,Chastity,68,Chastity.@yopmail.com
621,Mureil,58,Mureil.@yopmail.com
622,Corly,67,Corly.@yopmail.com
623,Valli,32,Valli.@yopmail.com
624,Kristan,59,Kristan.@yopmail.com
625,Ronna,15,Ronna.@yopmail.com
626,Tomasina,18,Tomasina.@yopmail.com
627,Betta,56,Betta.@yopmail.com
628,Minne,55,Minne.@yopmail.com
629,Karina,80,Karina.@yopmail.com
630,Johna,70,Johna.@yopmail.com
631,Karly,78,Karly.@yopmail.com
632,Karina,85,Karina.@yopmail.com
633,Almeta,12,Almeta.@yopmail.com
634,Annecorinne,13,Annecorinne.@yopmail.com
635,Babita,30,Babita.@yopmail.com
636,Cherilyn,92,Cherilyn.@yopmail.com
637,Laurene,82,Laurene.@yopmail.com
638,Adelle,37,Adelle.@yopmail.com
639,Mara,53,Mara.@yopmail.com
640,Modestia,52,Modestia.@yopmail.com
641,Imojean,46,Imojean.@yopmail.com
642,Noelle,8,Noelle.@yopmail.com
643,Jaclyn,17,Jaclyn.@yopmail.com
644,Aubrie,66,Aubrie.@yopmail.com
645,Ketti,81,Ketti.@yopmail.com
646,Krystle,1,Krystle.@yopmail.com
647,Lynnea,9,Lynnea.@yopmail.com
648,Annora,22,Annora.@yopmail.com
649,Nickie,92,Nickie.@yopmail.com
650,Mariann,96,Mariann.@yopmail.com
651,Di,46,Di.@yopmail.com
652,Michaelina,21,Michaelina.@yopmail.com
653,Mary,17,Mary.@yopmail.com
654,Renae,33,Renae.@yopmail.com
655,Frances,32,Frances.@yopmail.com
656,Alejandra,63,Alejandra.@yopmail.com
657,Nicoli,46,Nicoli.@yopmail.com
658,Atlanta,21,Atlanta.@yopmail.com
659,Shannah,98,Shannah.@yopmail.com
660,Gabi,65,Gabi.@yopmail.com
661,Natka,42,Natka.@yopmail.com
662,Andree,74,Andree.@yopmail.com
663,Vonny,10,Vonny.@yopmail.com
664,Darlleen,70,Darlleen.@yopmail.com
665,Meriel,79,Meriel.@yopmail.com
666,Aili,41,Aili.@yopmail.com
667,Vivia,76,Vivia.@yopmail.com
668,Marti,81,Marti.@yopmail.com
669,Andeee,62,Andeee.@yopmail.com
670,Therine,79,Therine.@yopmail.com
671,Cordi,60,Cordi.@yopmail.com
672,Sherrie,44,Sherrie.@yopmail.com
673,Marleah,39,Marleah.@yopmail.com
674,Helena,68,Helena.@yopmail.com
675,Antonietta,62,Antonietta.@yopmail.com
676,Odessa,20,Odessa.@yopmail.com
677,Coral,82,Coral.@yopmail.com
678,Sindee,85,Sindee.@yopmail.com
679,Sharai,17,Sharai.@yopmail.com
680,Tilly,64,Tilly.@yopmail.com
681,Gui,24,Gui.@yopmail.com
682,Kenna,89,Kenna.@yopmail.com
683,Vinita,13,Vinita.@yopmail.com
684,Beatriz,78,Beatriz.@yopmail.com
685,Carmencita,62,Carmencita.@yopmail.com
686,Hettie,75,Hettie.@yopmail.com
687,Codie,39,Codie.@yopmail.com
688,Vivia,83,Vivia.@yopmail.com
689,Andeee,67,Andeee.@yopmail.com
690,Anestassia,59,Anestassia.@yopmail.com
691,Roslyn,80,Roslyn.@yopmail.com
692,Janey,9,Janey.@yopmail.com
693,Lenna,76,Lenna.@yopmail.com
694,Mignon,25,Mignon.@yopmail.com
695,Justinn,18,Justinn.@yopmail.com
696,Kristan,62,Kristan.@yopmail.com
697,Ebonee,65,Ebonee.@yopmail.com
698,Emmey,33,Emmey.@yopmail.com
699,Cyndie,75,Cyndie.@yopmail.com
700,Selma,73,Selma.@yopmail.com
701,Di,39,Di.@yopmail.com
702,Kate,34,Kate.@yopmail.com
703,Almeta,8,Almeta.@yopmail.com
704,Genovera,1,Genovera.@yopmail.com
705,Donnie,83,Donnie.@yopmail.com
706,Vonny,97,Vonny.@yopmail.com
707,Christian,9,Christian.@yopmail.com
708,Sonni,51,Sonni.@yopmail.com
709,Brynna,40,Brynna.@yopmail.com
710,Darlleen,77,Darlleen.@yopmail.com
711,Frances,40,Frances.@yopmail.com
712,Renie,56,Renie.@yopmail.com
713,Margette,29,Margette.@yopmail.com
714,Rosanne,19,Rosanne.@yopmail.com
715,Kelly,100,Kelly.@yopmail.com
716,Korrie,22,Korrie.@yopmail.com
717,Britte,8,Britte.@yopmail.com
718,Annecorinne,26,Annecorinne.@yopmail.com
719,Donnie,42,Donnie.@yopmail.com
720,Drucie,52,Drucie.@yopmail.com
721,Selia,69,Selia.@yopmail.com
722,Ernesta,23,Ernesta.@yopmail.com
723,Sam,76,Sam.@yopmail.com
724,Amalie,42,Amalie.@yopmail.com
725,Heida,27,Heida.@yopmail.com
726,Randa,61,Randa.@yopmail.com
727,Mariele,91,Mariele.@yopmail.com
728,Collen,51,Collen.@yopmail.com
729,Estell,50,Estell.@yopmail.com
730,Belinda,4,Belinda.@yopmail.com
731,Cherrita,53,Cherrita.@yopmail.com
732,Gilligan,56,Gilligan.@yopmail.com
733,Lexine,33,Lexine.@yopmail.com
734,Bettine,7,Bettine.@yopmail.com
735,Lory,40,Lory.@yopmail.com
736,Glynnis,7,Glynnis.@yopmail.com
737,Selia,77,Selia.@yopmail.com
738,Merle,71,Merle.@yopmail.com
739,Madalyn,85,Madalyn.@yopmail.com
740,Fanny,44,Fanny.@yopmail.com
741,Trixi,55,Trixi.@yopmail.com
742,Inga,44,Inga.@yopmail.com
743,Ingrid,67,Ingrid.@yopmail.com
744,Ezmeralda,85,Ezmeralda.@yopmail.com
745,Consuela,36,Consuela.@yopmail.com
746,Rebeca,71,Rebeca.@yopmail.com
747,Starla,35,Starla.@yopmail.com
748,Hope,96,Hope.@yopmail.com
749,Sissy,55,Sissy.@yopmail.com
750,Felice,89,Felice.@yopmail.com
751,Chandra,88,Chandra.@yopmail.com
752,Michaelina,97,Michaelina.@yopmail.com
753,Minne,39,Minne.@yopmail.com
754,Ardys,64,Ardys.@yopmail.com
755,Dode,91,Dode.@yopmail.com
756,Janis,3,Janis.@yopmail.com
757,Peri,18,Peri.@yopmail.com
758,Cindelyn,95,Cindelyn.@yopmail.com
759,Donnie,16,Donnie.@yopmail.com
760,Giustina,26,Giustina.@yopmail.com
761,Felice,89,Felice.@yopmail.com
762,Eolanda,88,Eolanda.@yopmail.com
763,Elora,87,Elora.@yopmail.com
764,Arlena,63,Arlena.@yopmail.com
765,Kayla,14,Kayla.@yopmail.com
766,Sarette,36,Sarette.@yopmail.com
767,Celene,98,Celene.@yopmail.com
768,Valeda,21,Valeda.@yopmail.com
769,Myrtice,36,Myrtice.@yopmail.com
770,Dennie,41,Dennie.@yopmail.com
771,Lynde,47,Lynde.@yopmail.com
772,Brooks,84,Brooks.@yopmail.com
773,Arlena,99,Arlena.@yopmail.com
774,Helena,80,Helena.@yopmail.com
775,Grier,81,Grier.@yopmail.com
776,Annaliese,8,Annaliese.@yopmail.com
777,Lizzie,43,Lizzie.@yopmail.com
778,Arabel,1,Arabel.@yopmail.com
779,Siana,26,Siana.@yopmail.com
780,Nita,74,Nita.@yopmail.com
781,Yolane,20,Yolane.@yopmail.com
782,Drucie,91,Drucie.@yopmail.com
783,Eugine,66,Eugine.@yopmail.com
784,Shell,65,Shell.@yopmail.com
785,Berta,23,Berta.@yopmail.com
786,Nananne,90,Nananne.@yopmail.com
787,Noelle,72,Noelle.@yopmail.com
788,Lucy,85,Lucy.@yopmail.com
789,Aurore,96,Aurore.@yopmail.com
790,Selia,87,Selia.@yopmail.com
791,Ninnetta,59,Ninnetta.@yopmail.com
792,Madalyn,36,Madalyn.@yopmail.com
793,Daryl,5,Daryl.@yopmail.com
794,Oralee,6,Oralee.@yopmail.com
795,Sarette,99,Sarette.@yopmail.com
796,Candy,76,Candy.@yopmail.com
797,Teriann,5,Teriann.@yopmail.com
798,Beatriz,89,Beatriz.@yopmail.com
799,Candi,41,Candi.@yopmail.com
800,Annabela,39,Annabela.@yopmail.com
801,Gertrud,22,Gertrud.@yopmail.com
802,Christal,44,Christal.@yopmail.com
803,Latisha,40,Latisha.@yopmail.com
804,Marcelline,50,Marcelline.@yopmail.com
805,Margette,84,Margette.@yopmail.com
806,Mamie,82,Mamie.@yopmail.com
807,Brena,43,Brena.@yopmail.com
808,Fawne,94,Fawne.@yopmail.com
809,Nyssa,54,Nyssa.@yopmail.com
810,Sonni,92,Sonni.@yopmail.com
811,Suzette,1,Suzette.@yopmail.com
812,Shell,50,Shell.@yopmail.com
813,Kellen,55,Kellen.@yopmail.com
814,Mariele,18,Mariele.@yopmail.com
815,Sonni,80,Sonni.@yopmail.com
816,Georgina,84,Georgina.@yopmail.com
817,Vonny,81,Vonny.@yopmail.com
818,Kirstin,69,Kirstin.@yopmail.com
819,Leanna,76,Leanna.@yopmail.com
820,Evaleen,81,Evaleen.@yopmail.com
821,Corry,43,Corry.@yopmail.com
822,Anallese,69,Anallese.@yopmail.com
823,Ursulina,64,Ursulina.@yopmail.com
824,Cordi,73,Cordi.@yopmail.com
825,Paule,83,Paule.@yopmail.com
826,Trixi,55,Trixi.@yopmail.com
827,Joane,65,Joane.@yopmail.com
828,Doro,78,Doro.@yopmail.com
829,Nannie,98,Nannie.@yopmail.com
830,Carly,99,Carly.@yopmail.com
831,Clementine,34,Clementine.@yopmail.com
832,Cristabel,12,Cristabel.@yopmail.com
833,Kerrin,35,Kerrin.@yopmail.com
834,Lonnie,76,Lonnie.@yopmail.com
835,Riannon,68,Riannon.@yopmail.com
836,Cordi,6,Cordi.@yopmail.com
837,Lucille,53,Lucille.@yopmail.com
838,Clementine,76,Clementine.@yopmail.com
839,Brianna,100,Brianna.@yopmail.com
840,Margarette,6,Margarette.@yopmail.com
841,Deane,35,Deane.@yopmail.com
842,Wilma,19,Wilma.@yopmail.com
843,Harrietta,43,Harrietta.@yopmail.com
844,Calla,59,Calla.@yopmail.com
845,Donnie,3,Donnie.@yopmail.com
846,Renae,46,Renae.@yopmail.com
847,Estell,81,Estell.@yopmail.com
848,Cecile,90,Cecile.@yopmail.com
849,Gilda,87,Gilda.@yopmail.com
850,Zsa Zsa,6,Zsa Zsa.@yopmail.com
851,Ginnie,71,Ginnie.@yopmail.com
852,Kelly,91,Kelly.@yopmail.com
853,Clary,97,Clary.@yopmail.com
854,Latisha,84,Latisha.@yopmail.com
855,Rivalee,76,Rivalee.@yopmail.com
856,Luci,11,Luci.@yopmail.com
857,Anica,71,Anica.@yopmail.com
858,Yetty,55,Yetty.@yopmail.com
859,Kylynn,80,Kylynn.@yopmail.com
860,Deloria,61,Deloria.@yopmail.com
861,Katleen,44,Katleen.@yopmail.com
862,Chastity,55,Chastity.@yopmail.com
863,Marcelline,44,Marcelline.@yopmail.com
864,Claudina,48,Claudina.@yopmail.com
865,Rebeca,64,Rebeca.@yopmail.com
866,Josephine,21,Josephine.@yopmail.com
867,Kary,94,Kary.@yopmail.com
868,Vita,33,Vita.@yopmail.com
869,Katuscha,19,Katuscha.@yopmail.com
870,Clary,96,Clary.@yopmail.com
871,Dagmar,76,Dagmar.@yopmail.com
872,Maud,31,Maud.@yopmail.com
873,Dianemarie,33,Dianemarie.@yopmail.com
874,Jackie,60,Jackie.@yopmail.com
875,Ermengarde,78,Ermengarde.@yopmail.com
876,Josephine,40,Josephine.@yopmail.com
877,Edith,57,Edith.@yopmail.com
878,Lucille,46,Lucille.@yopmail.com
879,Concettina,31,Concettina.@yopmail.com
880,Sean,11,Sean.@yopmail.com
881,Tabbatha,73,Tabbatha.@yopmail.com
882,Xylina,100,Xylina.@yopmail.com
883,Orelia,80,Orelia.@yopmail.com
884,Christal,77,Christal.@yopmail.com
885,Phylis,64,Phylis.@yopmail.com
886,Mureil,16,Mureil.@yopmail.com
887,Romona,47,Romona.@yopmail.com
888,Ethel,15,Ethel.@yopmail.com
889,Dione,9,Dione.@yopmail.com
890,Natka,64,Natka.@yopmail.com
891,Fidelia,54,Fidelia.@yopmail.com
892,Annecorinne,64,Annecorinne.@yopmail.com
893,Robinia,41,Robinia.@yopmail.com
894,Allyce,44,Allyce.@yopmail.com
895,Deedee,1,Deedee.@yopmail.com
896,Hannis,75,Hannis.@yopmail.com
897,Yolane,97,Yolane.@yopmail.com
898,Phedra,7,Phedra.@yopmail.com
899,Lorenza,38,Lorenza.@yopmail.com
900,Concettina,43,Concettina.@yopmail.com
901,Felice,36,Felice.@yopmail.com
902,Veda,38,Veda.@yopmail.com
903,Albertina,36,Albertina.@yopmail.com
904,Roz,31,Roz.@yopmail.com
905,Christy,86,Christy.@yopmail.com
906,Zondra,80,Zondra.@yopmail.com
907,Philis,75,Philis.@yopmail.com
908,Cherrita,31,Cherrita.@yopmail.com
909,Alexine,90,Alexine.@yopmail.com
910,Allis,68,Allis.@yopmail.com
911,Angelique,43,Angelique.@yopmail.com
912,Sue,70,Sue.@yopmail.com
913,Gianina,9,Gianina.@yopmail.com
914,Vonny,1,Vonny.@yopmail.com
915,Nicoli,51,Nicoli.@yopmail.com
916,Madalyn,20,Madalyn.@yopmail.com
917,Ottilie,4,Ottilie.@yopmail.com
918,Marcy,98,Marcy.@yopmail.com
919,Dede,85,Dede.@yopmail.com
920,Rori,42,Rori.@yopmail.com
921,Celestyna,90,Celestyna.@yopmail.com
922,Teriann,68,Teriann.@yopmail.com
923,Lita,19,Lita.@yopmail.com
924,Ursulina,25,Ursulina.@yopmail.com
925,Olivette,22,Olivette.@yopmail.com
926,Britni,27,Britni.@yopmail.com
927,Micheline,69,Micheline.@yopmail.com
928,Norine,18,Norine.@yopmail.com
929,Clo,63,Clo.@yopmail.com
930,Suzette,20,Suzette.@yopmail.com
931,Aigneis,98,Aigneis.@yopmail.com
932,Kamilah,41,Kamilah.@yopmail.com
933,Cherilyn,6,Cherilyn.@yopmail.com
934,Blinni,6,Blinni.@yopmail.com
935,Krystle,23,Krystle.@yopmail.com
936,Ekaterina,65,Ekaterina.@yopmail.com
937,Celestyna,47,Celestyna.@yopmail.com
938,Georgetta,74,Georgetta.@yopmail.com
939,Kirstin,38,Kirstin.@yopmail.com
940,Marita,48,Marita.@yopmail.com
941,Carilyn,61,Carilyn.@yopmail.com
942,Sharai,87,Sharai.@yopmail.com
943,Melodie,48,Melodie.@yopmail.com
944,Shannah,13,Shannah.@yopmail.com
945,Camile,6,Camile.@yopmail.com
946,Madalyn,85,Madalyn.@yopmail.com
947,Zsa Zsa,9,Zsa Zsa.@yopmail.com
948,Regina,69,Regina.@yopmail.com
949,Wilma,94,Wilma.@yopmail.com
950,Fina,68,Fina.@yopmail.com
951,Gratia,91,Gratia.@yopmail.com
952,June,52,June.@yopmail.com
953,Brana,81,Brana.@yopmail.com
954,Marcy,22,Marcy.@yopmail.com
955,Benita,33,Benita.@yopmail.com
956,Sharlene,98,Sharlene.@yopmail.com
957,Michaelina,71,Michaelina.@yopmail.com
958,Claudina,53,Claudina.@yopmail.com
959,Evaleen,91,Evaleen.@yopmail.com
960,Gui,39,Gui.@yopmail.com
961,Daune,1,Daune.@yopmail.com
962,Judy,8,Judy.@yopmail.com
963,Dulce,17,Dulce.@yopmail.com
964,Tera,40,Tera.@yopmail.com
965,Misha,33,Misha.@yopmail.com
966,Shandie,51,Shandie.@yopmail.com
967,Gabriellia,93,Gabriellia.@yopmail.com
968,Jenilee,29,Jenilee.@yopmail.com
969,Wanda,19,Wanda.@yopmail.com
970,Korrie,18,Korrie.@yopmail.com
971,Nataline,49,Nataline.@yopmail.com
972,Luci,19,Luci.@yopmail.com
973,Merry,76,Merry.@yopmail.com
974,Dorthy,24,Dorthy.@yopmail.com
975,Hettie,58,Hettie.@yopmail.com
976,Daune,6,Daune.@yopmail.com
977,Vita,37,Vita.@yopmail.com
978,Candi,72,Candi.@yopmail.com
979,Annabela,13,Annabela.@yopmail.com
980,Layla,19,Layla.@yopmail.com
981,Nonnah,32,Nonnah.@yopmail.com
982,Jinny,94,Jinny.@yopmail.com
983,Joeann,62,Joeann.@yopmail.com
984,Jany,76,Jany.@yopmail.com
985,Perry,3,Perry.@yopmail.com
986,Christy,88,Christy.@yopmail.com
987,Tybie,45,Tybie.@yopmail.com
988,Briney,89,Briney.@yopmail.com
989,Dulce,31,Dulce.@yopmail.com
990,Nanete,24,Nanete.@yopmail.com
991,Arabel,68,Arabel.@yopmail.com
992,Valeda,33,Valeda.@yopmail.com
993,Magdalena,15,Magdalena.@yopmail.com
994,Consuela,38,Consuela.@yopmail.com
995,Ezmeralda,35,Ezmeralda.@yopmail.com
996,Sabina,48,Sabina.@yopmail.com
997,Darci,7,Darci.@yopmail.com
998,Joleen,70,Joleen.@yopmail.com
999,Kathi,6,Kathi.@yopmail.com
1000,Glynnis,28,Glynnis.@yopmail.com
1001,Dorthy,85,Dorthy.@yopmail.com
1002,Amalie,42,Amalie.@yopmail.com
1003,Amara,8,Amara.@yopmail.com
1004,Agathe,15,Agathe.@yopmail.com
1005,Gretal,65,Gretal.@yopmail.com
1006,Dominga,33,Dominga.@yopmail.com
1007,Daphne,93,Daphne.@yopmail.com
1008,Charlena,40,Charlena.@yopmail.com
1009,Starla,10,Starla.@yopmail.com
1010,Cyb,96,Cyb.@yopmail.com
1011,Janeczka,48,Janeczka.@yopmail.com
1012,Tani,21,Tani.@yopmail.com
1013,Ruthe,93,Ruthe.@yopmail.com
1014,Rebeca,100,Rebeca.@yopmail.com
1015,Kristan,43,Kristan.@yopmail.com
1016,Norine,85,Norine.@yopmail.com
1017,Jemie,70,Jemie.@yopmail.com
1018,Lyssa,99,Lyssa.@yopmail.com
1019,Ekaterina,19,Ekaterina.@yopmail.com
1020,Kassey,11,Kassey.@yopmail.com
1021,Florie,61,Florie.@yopmail.com
1022,Addia,68,Addia.@yopmail.com
1023,Ada,9,Ada.@yopmail.com
1024,Chickie,90,Chickie.@yopmail.com
1025,Magdalena,75,Magdalena.@yopmail.com
1026,Jorry,16,Jorry.@yopmail.com
1027,Averyl,90,Averyl.@yopmail.com
1028,Dominga,41,Dominga.@yopmail.com
1029,Eugine,21,Eugine.@yopmail.com
1030,Imojean,63,Imojean.@yopmail.com
1031,Heida,11,Heida.@yopmail.com
1032,Charissa,10,Charissa.@yopmail.com
1033,Belinda,13,Belinda.@yopmail.com
1034,Barbi,47,Barbi.@yopmail.com
1035,Genevra,3,Genevra.@yopmail.com
1036,Sara-Ann,46,Sara-Ann.@yopmail.com
1037,Dode,33,Dode.@yopmail.com
1038,Ariela,85,Ariela.@yopmail.com
1039,Lenna,60,Lenna.@yopmail.com
1040,Tersina,53,Tersina.@yopmail.com
1041,Sandie,34,Sandie.@yopmail.com
1042,Selma,67,Selma.@yopmail.com
1043,Clo,3,Clo.@yopmail.com
1044,Maye,36,Maye.@yopmail.com
1045,Kenna,24,Kenna.@yopmail.com
1046,Althea,55,Althea.@yopmail.com
1047,Romona,75,Romona.@yopmail.com
1048,Hallie,94,Hallie.@yopmail.com
1049,Gusty,59,Gusty.@yopmail.com
1050,Asia,4,Asia.@yopmail.com
1051,Chastity,68,Chastity.@yopmail.com
1052,Gloria,12,Gloria.@yopmail.com
1053,Barbara,2,Barbara.@yopmail.com
1054,Alie,84,Alie.@yopmail.com
1055,Bobinette,73,Bobinette.@yopmail.com
1056,Damaris,29,Damaris.@yopmail.com
1057,Yetty,25,Yetty.@yopmail.com
1058,Aili,12,Aili.@yopmail.com
1059,Hayley,85,Hayley.@yopmail.com
1060,Dari,85,Dari.@yopmail.com
1061,Flo,14,Flo.@yopmail.com
1062,Dode,14,Dode.@yopmail.com
1063,Janenna,48,Janenna.@yopmail.com
1064,Dorene,85,Dorene.@yopmail.com
1065,Marita,94,Marita.@yopmail.com
1066,Ruthe,31,Ruthe.@yopmail.com
1067,Marsiella,7,Marsiella.@yopmail.com
1068,Evita,38,Evita.@yopmail.com
1069,Kittie,6,Kittie.@yopmail.com
1070,Joleen,26,Joleen.@yopmail.com
1071,Florie,3,Florie.@yopmail.com
1072,Rozele,10,Rozele.@yopmail.com
1073,Marsiella,4,Marsiella.@yopmail.com
1074,Lorne,64,Lorne.@yopmail.com
1075,Marita,63,Marita.@yopmail.com
1076,Drucie,50,Drucie.@yopmail.com
1077,Annaliese,22,Annaliese.@yopmail.com
1078,Dorice,67,Dorice.@yopmail.com
1079,Arlina,4,Arlina.@yopmail.com
1080,Ezmeralda,93,Ezmeralda.@yopmail.com
1081,Mariann,2,Mariann.@yopmail.com
1082,Lucille,47,Lucille.@yopmail.com
1083,Evaleen,68,Evaleen.@yopmail.com
1084,Sibella,36,Sibella.@yopmail.com
1085,Magdalena,59,Magdalena.@yopmail.com
1086,Chloris,49,Chloris.@yopmail.com
1087,Vevay,43,Vevay.@yopmail.com
1088,Dianemarie,59,Dianemarie.@yopmail.com
1089,Gloria,42,Gloria.@yopmail.com
1090,Amalie,91,Amalie.@yopmail.com
1091,Modestia,16,Modestia.@yopmail.com
1092,Starla,87,Starla.@yopmail.com
1093,Nariko,58,Nariko.@yopmail.com
1094,Hermione,52,Hermione.@yopmail.com
1095,Berget,100,Berget.@yopmail.com
1096,Etta,48,Etta.@yopmail.com
1097,Gisela,40,Gisela.@yopmail.com
1098,Lorne,89,Lorne.@yopmail.com
1099,Hettie,74,Hettie.@yopmail.com